CleanedRegulatedEntityId,RegulatedEntityId,CleanedRegulatedEntityName,RegulatedEntityName
17,17,English Democrats,English Democrats
19,19,Legalise Cannabis Alliance,Legalise Cannabis Alliance
30,30,Upminster And Cranham Residents Association,Upminster And Cranham Residents Association
44,44,Independent Kidderminster Hospital And Health Concern,Independent Kidderminster Hospital And Health Concern
46,46,Scottish Socialist Party,Scottish Socialist Party
52,52,Conservative And Unionist Party,Conservative And Unionist Party
53,53,Labour Party,Labour Party
54,54,Liberal Party,Liberal Party
58,58,Mebyon Kernow - Party For Cornwall,Mebyon Kernow - Party For Cornwall
63,63,Green Party,Green Party
66,66,Official Monster Raving Loony Party,Official Monster Raving Loony Party
67,67,Alliance For Green Socialism,Alliance For Green Socialism
69,69,Democratic Party,Democratic Party [De-Registered 17/06/10]
73,73,Socialist Labour Party,Socialist Labour Party
77,77,Plaid Cymru - Party Of Wales,Plaid Cymru - Party Of Wales
78,78,Communist Party Of Britain,Communist Party Of Britain
79,79,Christian Peoples Alliance,Christian Peoples Alliance
85,85,Uk Independence Party (Ukip),Uk Independence Party (Ukip)
90,90,Liberal Democrats,Liberal Democrats
102,102,Scottish National Party (Snp),Scottish National Party (Snp)
106,106,British National Party,British National Party
110,110,Socialist Party Of Great Britain,Socialist Party Of Great Britain
115,115,Prolife,Prolife
116,116,Progressive Democratic Party,Progressive Democratic Party
117,117,National Front,National Front
119,119,Co-Operative Party,Co-Operative Party
130,130,Scottish Green Party,Scottish Green Party
133,133,Peace Party - Non-Violence Justice Environment,Peace Party - Non-Violence Justice Environment
243,243,Social Democratic Party,Social Democratic Party
250,250,Better Bedford Independent Party,Better Bedford Independent Party
285,285,People's Alliance,People's Alliance
331,331,Forward Wales,Forward Wales [De-Registered 16/03/10]
352,352,New Party,New Party
362,362,Respect Party,Respect Party
375,375,Common Good,Common Good
387,387,Blair Must Go Party,Blair Must Go Party [De-Registered 29/05/07]
392,392,"Christian Party ""Proclaiming Christ'S Lordship""","Christian Party ""Proclaiming Christ'S Lordship"""
424,424,Veritas,Veritas
532,532,Mums' Army,Mums' Army
559,559,Socialist Alliance,Socialist Alliance
582,582,Blah Party,Blah Party [De-Registered 11/09/08]
595,595,East Herts People,East Herts People [De-Registered 05/11/13]
605,605,Mums4Justice,Mums4Justice
617,617,Scottish Voice,Scottish Voice
623,623,Women4Theworld,Women4Theworld
695,695,Left List,Left List
730,730,Yes 2 Europe,Yes 2 Europe
736,736,United Kingdom First,United Kingdom First
742,742,Pro Democracy: Libertas.Eu,Pro Democracy: Libertas.Eu
744,744,No2Eu:Yes To Democracy,No2Eu:Yes To Democracy
746,746,Jury Team,Jury Team [De-Registered 09/05/11]
750,750,Fair Pay Fair Trade Party,Fair Pay Fair Trade Party [De-Registered 27/07/09]
770,770,Pirate Party Uk,Pirate Party Uk
786,786,Buckinghamshire Campaign For Democracy,Buckinghamshire Campaign For Democracy [De-Registered 01/07/10]
804,804,Trade Unionist And Socialist Coalition,Trade Unionist And Socialist Coalition
827,827,Freedom And Responsibility,Freedom And Responsibility [De-Registered 07/06/11]
840,840,Solihull And Meriden Residents Association,Solihull And Meriden Residents Association
849,849,Trust,Trust
882,882,We Demand A Referendum Now,We Demand A Referendum Now
909,909,Yes Campaign Ltd,Yes Campaign Ltd
911,911,British Declaration Of Independence [The],British Declaration Of Independence [The]
914,914,Charter 88,Charter 88
916,916,Campaign For An Independent Britain Limited,Campaign For An Independent Britain Limited
920,920,Working Hound Defence Campaign,Working Hound Defence Campaign
922,922,Hope Not Hate Ltd,Hope Not Hate Ltd
924,924,Unite Against Fascism,Unite Against Fascism
928,928,Waging Peace,Waging Peace
930,930,Howard'S End Ltd,Howard'S End Ltd
935,935,Conservative Rural Action Group,Conservative Rural Action Group
936,936,Uncaged Campaigns Ltd,Uncaged Campaigns Ltd
937,937,Vote-Ok,Vote-Ok
938,938,Muslim Friends Of Labour,Muslim Friends Of Labour
939,939,League Against Cruel Sports (Uk) Limited,League Against Cruel Sports (Uk) Limited
941,941,Tmvo Ltd,Tmvo Ltd
954,954,Vote Cruelty Free,Vote Cruelty Free
956,956,Vote For A Change Ltd,Vote For A Change Ltd
936,957,Uncaged Campaigns Ltd,Uncaged Campaigns Ltd
958,958,Democratic Reform Company,Democratic Reform Company
968,968,A Minority Pastime Limited,A Minority Pastime Limited
969,969,Young Britons' Foundation,Young Britons' Foundation
974,974,Yes4Thenortheast,Yes4Thenortheast
979,979,County Durham Council Supporters Club,County Durham Council Supporters Club
983,983,North East Says No Ltd,North East Says No Ltd
988,988,Friends Of Northumberland County (Fonc),Friends Of Northumberland County (Fonc)
991,991,South East Northumberland Unitary Council,South East Northumberland Unitary Council
1015,1015,Yes In May 2011 Ltd,Yes In May 2011 Ltd
1017,1017,No Campaign Limited,No Campaign Limited
1018,1018,Labour No To Av,Labour No To Av
1022,1022,Charles Kennedy,Charles Kennedy
1023,1023,Imelda Mary Read,Imelda Mary Read
1024,1024,Brian Simpson,Brian Simpson
1025,1025,Christian Socialist Movement,Christian Socialist Movement
1026,1026,Roger Casale,Roger Casale
1027,1027,Roy Perry,Roy Perry
1028,1028,Edward Davey,Edward Davey
1029,1029,Andrew Lansley,Andrew Lansley
1030,1030,Robert Laxton,Robert Laxton
90,1031,Liberal Democrats,Liberal Democrats Parliamentary Party
1032,1032,Lord Richard Inglewood,Lord Richard Inglewood
1033,1033,Gillian Shephard,Gillian Shephard
1034,1034,Desmond Swayne,Desmond Swayne
1035,1035,Dr Liam Fox,Dr Liam Fox
1036,1036,Michael Fabricant,Michael Fabricant
1037,1037,Struan Stevenson,Struan Stevenson
1038,1038,Christopher Heaton-Harris,Christopher Heaton-Harris
1039,1039,Michael Denzil Xavier Portillo,Michael Denzil Xavier Portillo
1040,1040,David Clelland,David Clelland
1041,1041,Dame Anne Begg,Dame Anne Begg
1042,1042,John Whittingdale,John Whittingdale
1043,1043,Barbara Follett,Barbara Follett
1044,1044,Nicholas John Gibb,Nicholas John Gibb
1045,1045,John Greenway,John Greenway
1046,1046,Robert Walter,Robert Walter
1047,1047,James Paice,James Paice
1048,1048,Jonathan Sayeed,Jonathan Sayeed
1049,1049,Dominic Grieve,Dominic Grieve
1050,1050,Caroline Spelman,Caroline Spelman
1051,1051,Dr Rudi Vis,Dr Rudi Vis
1052,1052,Bill Newton Dunn,Bill Newton Dunn
1053,1053,Chris Huhne,Chris Huhne
1054,1054,Lord Nicholas Bethell,Lord Nicholas Bethell
1055,1055,Philip Bradbourne,Philip Bradbourne
1056,1056,Andrew Duff,Andrew Duff
1057,1057,Graham Watson,Graham Watson
1059,1059,Jacqueline Foster,Jacqueline Foster
1060,1060,David Sumberg,David Sumberg
1061,1061,Crispin Jeremy Rupert Blunt,Crispin Jeremy Rupert Blunt
1062,1062,Richard Balfe,Richard Balfe
1063,1063,Tom Harris,Tom Harris
1064,1064,Dr Robert Spink,Dr Robert Spink
1052,1065,Bill Newton Dunn,Bill Newton Dunn
1066,1066,Tim Boswell,Tim Boswell
1067,1067,Thomas Mcavoy,Thomas Mcavoy
1068,1068,Stephen S. Hughes,Stephen S. Hughes
1069,1069,Fraser Kemp,Fraser Kemp
1070,1070,Syd Rapson,Syd Rapson
1071,1071,Peter Bottomley,Peter Bottomley
1072,1072,Tony Baldry,Tony Baldry
1073,1073,Ann Mckechin,Ann Mckechin
1074,1074,Howard Flight,Howard Flight
1075,1075,Stephen Hesford,Stephen Hesford
1076,1076,Malcolm Moss,Malcolm Moss
1077,1077,James Bovan,James Bovan
1078,1078,Alex Salmond,Alex Salmond
1079,1079,David Lammy,David Lammy
1080,1080,Tim Collins,Tim Collins
1081,1081,Jimmy Hood,Jimmy Hood
1082,1082,Gary Titley,Gary Titley
1083,1083,Roger Godsiff,Roger Godsiff
1084,1084,Claire Ward,Claire Ward
1032,1085,Lord Richard Inglewood,Lord Richard Inglewood
1086,1086,Philip Bushill-Matthews,Philip Bushill-Matthews
1087,1087,John Redwood,John Redwood
1088,1088,George Iain Duncan-Smith,George Iain Duncan-Smith
1089,1089,Hugh Bayley,Hugh Bayley
1090,1090,John Cummings,John Cummings
1091,1091,John Corrie,John Corrie
1092,1092,Piara Khabra,Piara Khabra
1093,1093,Nigel Evans,Nigel Evans
1094,1094,Dr Gavin Strang,Dr Gavin Strang
1095,1095,Andrew Dismore,Andrew Dismore
1096,1096,Nigel Farage,Nigel Farage
1097,1097,David Hamilton,David Hamilton
1098,1098,David Lidington,David Lidington
1099,1099,Alan Meale,Alan Meale
1100,1100,Ian Hudghton,Ian Hudghton
1101,1101,Roger Helmer,Roger Helmer
1102,1102,Jonathan Evans,Jonathan Evans
1103,1103,Virginia Bottomley,Virginia Bottomley
1104,1104,Jacqui Lait,Jacqui Lait
1105,1105,Dr Howard Stoate,Dr Howard Stoate
1106,1106,John Robertson,John Robertson
1107,1107,Dr Charles Tannock,Dr Charles Tannock
1108,1108,James Provan,James Provan
1109,1109,Daniel Hannan,Daniel Hannan
1110,1110,Cheryl Gillan,Cheryl Gillan
1111,1111,Bill Tynan,Bill Tynan
1112,1112,Edward Garnier,Edward Garnier
1113,1113,Peter Lilley,Peter Lilley
1114,1114,Michael Clapham,Michael Clapham
1115,1115,George Osborne,George Osborne
1116,1116,Frank Roy,Frank Roy
1117,1117,Julie Kirkbride,Julie Kirkbride
1118,1118,Brian White,Brian White
1119,1119,James Chapman,James Chapman
1120,1120,David Chaytor,David Chaytor
1121,1121,Dr Lynne Jones,Dr Lynne Jones
1122,1122,Charles Hendry,Charles Hendry
1123,1123,Dr Brian Iddon,Dr Brian Iddon
1124,1124,Robert Goodwill,Robert Goodwill
1125,1125,Keith Simpson,Keith Simpson
1126,1126,Martyn Jones,Martyn Jones
1127,1127,Rosemary Mckenna,Rosemary Mckenna
1128,1128,Gerald Kaufman,Gerald Kaufman
1129,1129,Michael Cashman,Michael Cashman
1130,1130,Oliver Heald,Oliver Heald
1131,1131,Quentin Davies,Quentin Davies
1132,1132,Linda Mcavan,Linda Mcavan
1133,1133,David Davis,David Davis
1134,1134,Theresa Villiers,Theresa Villiers
1135,1135,Adam Ingram,Adam Ingram
1136,1136,Archy Kirkwood,Archy Kirkwood
1137,1137,David Cameron,David Cameron
1138,1138,Bridget Prentice,Bridget Prentice
1139,1139,Tony Worthington,Tony Worthington
1140,1140,Kevin Mcnamara,Kevin Mcnamara
1141,1141,Nigel Jones,Nigel Jones
1142,1142,Peter Viggers,Peter Viggers
1143,1143,Menzies Campbell Cbe,Menzies Campbell Cbe
1144,1144,Patrick Mercer,Patrick Mercer
1145,1145,Roger Berry,Roger Berry
1146,1146,John Austin,John Austin
1147,1147,Nigel Waterson,Nigel Waterson
1148,1148,Ian Davidson,Ian Davidson
1149,1149,Paul Tyler,Paul Tyler
1150,1150,Matthew Taylor,Matthew Taylor
1151,1151,Bob Blizzard,Bob Blizzard
1152,1152,Terence Anthony Gordon Davis,Terence Anthony Gordon Davis
1153,1153,Paul Burstow,Paul Burstow
1154,1154,Robert Jackson,Robert Jackson
1155,1155,Laura Moffatt,Laura Moffatt
1156,1156,John Thurso,John Thurso
1157,1157,Julian Brazier,Julian Brazier
1158,1158,Iain Stewart,Iain Stewart
1159,1159,Eric Illsley,Eric Illsley
1160,1160,Sydney Chapman,Sydney Chapman
1161,1161,Clive Betts,Clive Betts
1162,1162,James Gray,James Gray
1163,1163,Sandra Osborne,Sandra Osborne
1164,1164,Elfyn Llwyd,Elfyn Llwyd
1165,1165,Henry Bellingham,Henry Bellingham
1166,1166,Bill Rammell,Bill Rammell
1167,1167,Gary Nicholas Streeter,Gary Nicholas Streeter
1168,1168,Chris Pond,Chris Pond
1169,1169,Nicholas Palmer,Nicholas Palmer
1170,1170,Michael Connarty,Michael Connarty
1171,1171,Frank Cook,Frank Cook
1172,1172,Chris Smith,Chris Smith
1173,1173,Stephen Pound,Stephen Pound
1174,1174,Denis Macshane,Denis Macshane
1175,1175,John Gummer,John Gummer
1176,1176,Michael Weir,Michael Weir
1177,1177,Michael Ancram,Michael Ancram
1178,1178,Hugh Robertson,Hugh Robertson
1179,1179,Colin Edward Breed,Colin Edward Breed
1180,1180,Matthew Green,Matthew Green
1181,1181,Kevin Brennan,Kevin Brennan
1182,1182,David Hanson,David Hanson
1183,1183,Dan Norris,Dan Norris
1184,1184,Stephen R O'Brien,Stephen R O'Brien
1185,1185,David Chidgey,David Chidgey
1186,1186,Richard Ottoway,Richard Ottoway
1187,1187,Teddy Taylor,Teddy Taylor
1188,1188,Mark Oaten,Mark Oaten
1189,1189,David Amess,David Amess
1190,1190,David Marshall,David Marshall
1191,1191,Douglas Henderson,Douglas Henderson
1192,1192,Christopher Beazley,Christopher Beazley
1193,1193,James Elles,James Elles
1194,1194,Arlene Mccarthy,Arlene Mccarthy
1195,1195,Jeffrey Titford,Jeffrey Titford
1196,1196,Edward Mcmillan-Scott,Edward Mcmillan-Scott
1197,1197,John C. Bowis,John C. Bowis
1198,1198,Bashir Khanbhai,Bashir Khanbhai
1199,1199,David Martin,David Martin
1200,1200,John Purvis,John Purvis
1201,1201,Robert Sturdy,Robert Sturdy
1202,1202,Frank Doran,Frank Doran
1203,1203,Leeds Liberal Democrat Federation,Leeds Liberal Democrat Federation
1204,1204,Christopher Ruane,Christopher Ruane
1205,1205,Tim Loughton,Tim Loughton
1206,1206,Robert N Wareing,Robert N Wareing
1207,1207,John Mcfall,John Mcfall
1177,1208,Michael Ancram,Michael Ancram
1209,1209,Mike Gapes,Mike Gapes
1210,1210,John Barrett,John Barrett
1211,1211,Michael Thomas Hancock,Michael Thomas Hancock
1212,1212,Helen Jones,Helen Jones
1213,1213,Jeff Ennis,Jeff Ennis
1214,1214,Greg Pope,Greg Pope
1215,1215,Jackie Lawrence,Jackie Lawrence
1216,1216,Dame Joan Ruddock,Dame Joan Ruddock
1217,1217,Michael Mayes,Michael Mayes
1218,1218,Diana Wallis,Diana Wallis
1219,1219,Paul Keetch,Paul Keetch
1220,1220,Barry Gardiner,Barry Gardiner
1221,1221,Wayne David,Wayne David
1222,1222,Bill Miller,Bill Miller
1223,1223,Mark Fisher,Mark Fisher
1224,1224,Adam Price,Adam Price
1225,1225,Archie Norman,Archie Norman
1226,1226,Lorna Fitzsimons,Lorna Fitzsimons
1227,1227,Tim Yeo,Tim Yeo
1228,1228,Andrew Miller,Andrew Miller
1229,1229,Alan Beith,Alan Beith
1230,1230,Caroline Jackson,Caroline Jackson
1231,1231,John Lyons,John Lyons
1232,1232,Jean Lambert,Jean Lambert
1233,1233,Lembit Opik,Lembit Opik
1234,1234,Jim Cousins,Jim Cousins
1235,1235,Francis Maude,Francis Maude
1236,1236,Eluned Morgan,Eluned Morgan
1237,1237,Barry Sheerman,Barry Sheerman
1238,1238,Andrew Mackay,Andrew Mackay
1239,1239,Ian Taylor Mbe,Ian Taylor Mbe
1240,1240,Martin Salter,Martin Salter
1241,1241,Richard Page,Richard Page
1242,1242,Ben Chapman,Ben Chapman
1243,1243,Diana Mary Organ,Diana Mary Organ
1244,1244,Liz Lynne,Liz Lynne
1245,1245,Malcolm Bruce,Malcolm Bruce
1246,1246,Socialist Environment And Resources Association,Socialist Environment And Resources Association
1247,1247,Helen Jackson,Helen Jackson
1248,1248,John Mann,John Mann
1249,1249,David Cairns,David Cairns
1250,1250,Vera Baird,Vera Baird
1251,1251,Laurence Robertson,Laurence Robertson
1252,1252,Gwyn Prosser,Gwyn Prosser
1253,1253,Paul Goggins,Paul Goggins
1254,1254,Simon Murphy,Simon Murphy
1255,1255,Keith Bradley,Keith Bradley
1256,1256,Geoffrey Van Orden,Geoffrey Van Orden
1257,1257,Angela Browning,Angela Browning
1258,1258,Dave Watts,Dave Watts
1259,1259,Dr Lewis Moonie,Dr Lewis Moonie
1260,1260,Peter Hain,Peter Hain
1261,1261,James Purnell,James Purnell
1262,1262,Peter Kilfoyle,Peter Kilfoyle
1263,1263,Gisela Stuart,Gisela Stuart
1264,1264,Michael Moore,Michael Moore
1265,1265,Eryl Mcnally,Eryl Mcnally
1266,1266,Bruce George,Bruce George
1267,1267,Tony Lloyd,Tony Lloyd
1268,1268,Phillip Hammond,Phillip Hammond
1269,1269,George Foulkes,George Foulkes
1270,1270,Kenneth Clarke,Kenneth Clarke
1270,1271,Kenneth Clarke,Kenneth Clarke
1133,1274,David Davis,David Davis
1275,1275,Paul Flynn,Paul Flynn
1276,1276,Peter Duncan,Peter Duncan
1277,1277,Tory Reform Group,Tory Reform Group
1278,1278,Parliamentary Mainstream,Parliamentary Mainstream
1279,1279,Conservatives For Change Ltd,Conservatives For Change Ltd
1280,1280,Thomas Clarke,Thomas Clarke
1281,1281,Conservative Group For Europe,Conservative Group For Europe
1282,1282,Harry Cohen,Harry Cohen
1283,1283,Andrew Rosindell,Andrew Rosindell
1284,1284,Richard Burden,Richard Burden
1285,1285,Glyn Ford,Glyn Ford
1286,1286,James Arbuthnot,James Arbuthnot
1287,1287,Miss Anne Mcintosh,Miss Anne Mcintosh
1288,1288,Simon Burns,Simon Burns
1289,1289,Humfrey Malins Cbe,Humfrey Malins Cbe
1290,1290,Wendy Alexander,Wendy Alexander
1291,1291,Richard Spring,Richard Spring
1292,1292,Graham Brady,Graham Brady
1293,1293,Margaret Moran,Margaret Moran
1294,1294,Robin Cook,Robin Cook
1295,1295,Peter Luff,Peter Luff
1296,1296,Theresa May,Theresa May
1297,1297,David Laurie Ruffley,David Laurie Ruffley
1298,1298,John Spellar,John Spellar
1299,1299,John Maples,John Maples
1300,1300,Nicky Gavron,Nicky Gavron
1301,1301,Michael Martin,Michael Martin
1302,1302,Richard Corbett,Richard Corbett
1303,1303,A. A. Craig,A. A. Craig
1304,1304,R Shannon,R Shannon
1305,1305,Conservative Christian Fellowship,Conservative Christian Fellowship
1306,1306,Progress Ltd,Progress Ltd
1307,1307,Robert Key,Robert Key
1308,1308,Kevan Jones,Kevan Jones
1309,1309,Nicolla Page,Nicolla Page
1310,1310,Norris For London Campaign,Norris For London Campaign
1311,1311,David A Laws,David A Laws
1312,1312,Michael Howard,Michael Howard
1313,1313,Steve Webb,Steve Webb
1314,1314,Karen Buck,Karen Buck
1315,1315,Dr Ashok Kumar,Dr Ashok Kumar
1316,1316,John Grogan,John Grogan
1317,1317,Bill Wiggin,Bill Wiggin
1318,1318,Adam Holloway,Adam Holloway
1319,1319,Mark Field,Mark Field
1320,1320,Harriet Harman,Harriet Harman
1321,1321,Michael Russell,Michael Russell
1322,1322,Ross Cranston,Ross Cranston
1323,1323,Colin Challen,Colin Challen
1324,1324,Ken Purchase,Ken Purchase
1325,1325,Paul Clark,Paul Clark
1326,1326,Dennis Turner,Dennis Turner
1327,1327,Constituency Campaigning Services Board,Constituency Campaigning Services Board
1328,1328,Anthony Rowlands,Anthony Rowlands
1329,1329,Nicholas Brown,Nicholas Brown
1330,1330,Sarah Teather,Sarah Teather
1331,1331,Joan Humble,Joan Humble
1332,1332,Jeremy Hunt,Jeremy Hunt
1333,1333,Christopher Grayling,Christopher Grayling
1334,1334,Andrew Mitchell,Andrew Mitchell
1335,1335,Nick Herbert,Nick Herbert
1336,1336,Malcolm Rifkind,Malcolm Rifkind
1137,1337,David Cameron,David Cameron
1035,1338,Dr Liam Fox,Dr Liam Fox
1339,1339,Graham Stuart,Graham Stuart
1340,1340,Greg Clark,Greg Clark
1341,1341,Menzies Campbell,Menzies Campbell
1342,1342,Denis Murphy,Denis Murphy
1343,1343,Mary Creagh,Mary Creagh
1053,1344,Chris Huhne,Chris Huhne
1345,1345,Stephen Byers,Stephen Byers
1346,1346,Simon Hughes,Simon Hughes
1347,1347,James Brokenshire,James Brokenshire
1348,1348,David Anderson,David Anderson
1349,1349,Clare Short,Clare Short
1350,1350,John Bercow,John Bercow
1351,1351,Stuart Bell,Stuart Bell
1352,1352,Andrew George,Andrew George
1353,1353,Jim Dowd,Jim Dowd
1354,1354,Janet Anderson,Janet Anderson
1355,1355,Mark Simmonds,Mark Simmonds
1356,1356,Paul Goodman,Paul Goodman
1357,1357,Norman Baker,Norman Baker
1358,1358,Nick Clegg,Nick Clegg
1359,1359,Phil Willis,Phil Willis
1360,1360,Mohammed Sarwar,Mohammed Sarwar
1361,1361,Edward Vaizey,Edward Vaizey
1362,1362,Jessica Morden,Jessica Morden
1363,1363,James Duddridge,James Duddridge
1364,1364,Paul Murphy,Paul Murphy
1365,1365,Quality Of Life Policy Group,Quality Of Life Policy Group
1366,1366,Mark Prisk,Mark Prisk
1367,1367,John Stanley,John Stanley
1368,1368,Tobias Ellwood,Tobias Ellwood
1369,1369,Alan Duncan,Alan Duncan
1370,1370,Brooks Newmark,Brooks Newmark
1371,1371,Michael Fallon,Michael Fallon
1372,1372,Keith Vaz,Keith Vaz
1373,1373,Geoffrey Clifton-Brown,Geoffrey Clifton-Brown
1374,1374,Annette Brooke,Annette Brooke
1375,1375,John Mcdonnell,John Mcdonnell
1376,1376,Brian Donohoe,Brian Donohoe
1377,1377,Jonathan Cruddas,Jonathan Cruddas
1260,1378,Peter Hain,Peter Hain
1379,1379,Kerry Mccarthy,Kerry Mccarthy
1380,1380,Andrew Tyrie,Andrew Tyrie
1381,1381,Hazel Blears,Hazel Blears
1382,1382,Alan Johnson,Alan Johnson
1383,1383,Geoff Hoon,Geoff Hoon
1384,1384,Hilary Benn,Hilary Benn
1385,1385,Rosie Cooper,Rosie Cooper
1320,1386,Harriet Harman,Harriet Harman
1387,1387,Frank Dobson,Frank Dobson
1388,1388,Charles Clarke,Charles Clarke
1389,1389,Gordon Brown,Gordon Brown
1390,1390,Conservative Middle East Council,Conservative Middle East Council
1391,1391,Alan Milburn,Alan Milburn
1392,1392,Andy Slaughter,Andy Slaughter
1393,1393,Dame Angela Watkinson,Dame Angela Watkinson
1394,1394,Mark Lancaster,Mark Lancaster
1395,1395,Emily Thornberry,Emily Thornberry
1396,1396,Owen Paterson,Owen Paterson
1397,1397,Floyd Millen,Floyd Millen
1398,1398,Glenis Willmott,Glenis Willmott
1399,1399,Lynne Featherstone,Lynne Featherstone
1400,1400,Dr Stephen Ladyman,Dr Stephen Ladyman
1401,1401,Hugo Swire,Hugo Swire
1402,1402,Boris Johnson,Boris Johnson
1403,1403,Sally Keeble,Sally Keeble
1404,1404,South Ribble Westminster Fund,South Ribble Westminster Fund
1405,1405,Philip Dunne,Philip Dunne
1406,1406,Andy Reed,Andy Reed
1407,1407,Julie Morgan,Julie Morgan
1358,1408,Nick Clegg,Nick Clegg
1409,1409,Rachel Reeves,Rachel Reeves
1377,1410,Jonathan Cruddas,Jonathan Cruddas
1411,1411,Mark Francois,Mark Francois
1412,1412,Derek Wyatt,Derek Wyatt
1413,1413,Shahid Malik,Shahid Malik
1414,1414,Richard Howitt,Richard Howitt
1415,1415,Colin Burgon,Colin Burgon
1416,1416,Alistair Carmichael,Alistair Carmichael
1417,1417,Katy Clark,Katy Clark
1418,1418,Conservative Muslim Forum,Conservative Muslim Forum
1419,1419,Mark Hendrick,Mark Hendrick
1420,1420,Andrew Selous,Andrew Selous
1421,1421,Andrew Stunell,Andrew Stunell
1422,1422,David Willetts,David Willetts
1423,1423,Andrew Robathan,Andrew Robathan
1424,1424,Jim Fitzpatrick,Jim Fitzpatrick
1402,1425,Boris Johnson,Boris Johnson
1426,1426,Daniel Kawczynski,Daniel Kawczynski
1312,1427,Michael Howard,Michael Howard
1428,1428,Mark Adrian Clarke,Mark Adrian Clarke
1429,1429,Don Foster,Don Foster
1430,1430,Virendra Kumar Sharma,Virendra Kumar Sharma
1431,1431,Conservative/Unionist Members 1922 Committee,Conservative/Unionist Members 1922 Committee
1432,1432,Women2Win,Women2Win
1433,1433,Celia Barlow,Celia Barlow
1434,1434,James Devine,James Devine
1346,1435,Simon Hughes,Simon Hughes
1436,1436,Martin Linton,Martin Linton
1437,1437,Anne Milton,Anne Milton
1438,1438,Harriett Baldwin,Harriett Baldwin
1439,1439,Roberta Blackman-Woods,Roberta Blackman-Woods
1440,1440,David Blunkett,David Blunkett
1441,1441,Angie Bray,Angie Bray
1442,1442,Chris Bryant,Chris Bryant
1443,1443,Richard Cook,Richard Cook
1444,1444,Stephen Crabb,Stephen Crabb
1445,1445,David Davies,David Davies
1446,1446,Paul Davies,Paul Davies
1447,1447,Parmjit Dhanda,Parmjit Dhanda
1448,1448,Andrew Gwynne,Andrew Gwynne
1449,1449,Fabian Hamilton,Fabian Hamilton
1450,1450,Mark Harper,Mark Harper
1451,1451,Barbara Keeley,Barbara Keeley
1452,1452,Simon Kirby,Simon Kirby
1453,1453,Ivan Lewis,Ivan Lewis
1454,1454,Siobhain Mcdonagh,Siobhain Mcdonagh
1455,1455,Chris Mole,Chris Mole
1456,1456,Madeleine Moon,Madeleine Moon
1457,1457,Caroline Nokes,Caroline Nokes
1458,1458,Linda Riordan,Linda Riordan
1459,1459,Anne Snelgrove,Anne Snelgrove
1460,1460,Daria Jean Taylor,Daria Jean Taylor
1461,1461,Iain Wright,Iain Wright
1462,1462,Mark Robert Timothy Garnier,Mark Robert Timothy Garnier
1463,1463,Sharon Hodgson,Sharon Hodgson
1464,1464,Sian James,Sian James
1465,1465,Tom Levitt,Tom Levitt
1466,1466,Sarah Mccarthy-Fry,Sarah Mccarthy-Fry
1467,1467,Shailesh Vara,Shailesh Vara
1468,1468,Robert Buckland,Robert Buckland
1469,1469,Andy Burnham,Andy Burnham
1470,1470,Dr Laurence Carmichael,Dr Laurence Carmichael
1471,1471,Neil Carmichael,Neil Carmichael
1472,1472,Jim Sheridan,Jim Sheridan
1473,1473,Siôn Simon,Siôn Simon
1474,1474,Nicholas Soames,Nicholas Soames
1475,1475,Douglas Carswell,Douglas Carswell
1476,1476,Linda Gilroy,Linda Gilroy
1477,1477,Jim Knight,Jim Knight
1478,1478,Jason Alexander Mccartney,Jason Alexander Mccartney
1479,1479,Paul Maynard,Paul Maynard
1480,1480,Maggie Throup,Maggie Throup
1481,1481,Michael Richard Weatherley,Michael Richard Weatherley
1482,1482,David Gold,David Gold
1483,1483,Mark Coote,Mark Coote
1484,1484,Tony Cunningham,Tony Cunningham
1485,1485,Dame Louise Ellman,Dame Louise Ellman
1486,1486,Lorraine Fullbrook,Lorraine Fullbrook
1487,1487,Benjamin Charles Tudor Jeffreys,Benjamin Charles Tudor Jeffreys
1488,1488,Diana Ruth Johnson,Diana Ruth Johnson
1489,1489,Christopher Pincher,Christopher Pincher
1490,1490,Eric Joyce,Eric Joyce
1491,1491,David Mundell,David Mundell
1492,1492,Jo Swinson,Jo Swinson
1493,1493,Derek Vaughan,Derek Vaughan
1158,1494,Iain Stewart,Iain Stewart
1495,1495,Andrew Griffiths,Andrew Griffiths
1496,1496,Penny Mordaunt,Penny Mordaunt
1497,1497,Theresa Griffin,Theresa Griffin
1498,1498,Jeremy Browne,Jeremy Browne
1499,1499,David Heath,David Heath
1500,1500,Ann Widdecombe,Ann Widdecombe
1501,1501,Nicholas Bourne Am,Nicholas Bourne Am
1502,1502,Graham Stringer,Graham Stringer
1503,1503,Ann Winterton,Ann Winterton
1504,1504,Bill Olner,Bill Olner
1505,1505,Claire Curtis-Thomas,Claire Curtis-Thomas
1506,1506,Nicholas Winteron,Nicholas Winteron
1507,1507,Susan Kramer,Susan Kramer
1508,1508,Graham Allen,Graham Allen
1509,1509,Philip Andrew Davies,Philip Andrew Davies
1510,1510,Mike Penning,Mike Penning
1511,1511,Brian Binley,Brian Binley
1512,1512,Patricia Hewitt,Patricia Hewitt
1513,1513,Mary Macleod,Mary Macleod
1514,1514,Mark Pritchard,Mark Pritchard
1515,1515,Robert Smith,Robert Smith
1516,1516,Dr Phyllis Starkey,Dr Phyllis Starkey
1517,1517,Iain Gray,Iain Gray
1518,1518,Cathy Jamieson,Cathy Jamieson
1519,1519,Michael Ellis,Michael Ellis
1520,1520,Neil Hudson,Neil Hudson
1521,1521,Andrew Palmer Kerr,Andrew Palmer Kerr
1522,1522,Bill Butler,Bill Butler
1523,1523,Lewis Macdonald,Lewis Macdonald
1524,1524,Andrea Leadsom,Andrea Leadsom
1525,1525,Annunziata Rees-Mogg,Annunziata Rees-Mogg
1526,1526,Nick Ainger,Nick Ainger
1527,1527,Keith Hill,Keith Hill
1528,1528,John Battle,John Battle
1529,1529,Charlie Elphicke,Charlie Elphicke
1530,1530,Rosalind Scott,Rosalind Scott
1531,1531,Jonathan Djanogly,Jonathan Djanogly
1532,1532,Michael German,Michael German
1533,1533,Mark Todd,Mark Todd
1534,1534,Stephen Barclay,Stephen Barclay
1535,1535,Jennifer Willott,Jennifer Willott
1536,1536,Joan Ryan,Joan Ryan
1537,1537,Julie Elliott,Julie Elliott
1538,1538,Hilary Armstrong,Hilary Armstrong
1539,1539,Jack Straw,Jack Straw
1540,1540,Paul Blomfield,Paul Blomfield
1541,1541,Liam Byrne,Liam Byrne
1542,1542,John Prescott,John Prescott
1543,1543,Jenny Randerson Am,Jenny Randerson Am
1544,1544,Focus On Scotland,Focus On Scotland
1545,1545,Edward Leigh,Edward Leigh
1546,1546,Oliver Letwin,Oliver Letwin
1233,1547,Lembit Opik,Lembit Opik
1548,1548,Anthony Wright,Anthony Wright
1549,1549,Gregory Barker,Gregory Barker
1550,1550,Dr Vincent Cable,Dr Vincent Cable
1551,1551,James Mcgovern,James Mcgovern
1552,1552,Edward Timpson,Edward Timpson
1553,1553,Margaret Beckett,Margaret Beckett
1554,1554,Dawn Butler,Dawn Butler
1555,1555,Wilfred Emmanuel-Jones,Wilfred Emmanuel-Jones
1556,1556,Ian Mccartney,Ian Mccartney
1557,1557,Damian Collins,Damian Collins
1558,1558,Doug Naysmith,Doug Naysmith
1559,1559,Isabel Owen,Isabel Owen
1560,1560,Lyn Brown,Lyn Brown
1561,1561,Des Browne,Des Browne
1562,1562,Meg Munn,Meg Munn
1563,1563,Mark Hunter,Mark Hunter
1124,1564,Robert Goodwill,Robert Goodwill
1565,1565,Philip Allott,Philip Allott
1566,1566,Mary Jane Senior,Mary Jane Senior
1567,1567,Philippa Stroud,Philippa Stroud
1568,1568,Timothy Kirkhope,Timothy Kirkhope
1569,1569,Conor Burns,Conor Burns
1570,1570,David Gauke,David Gauke
1571,1571,Greg Hands,Greg Hands
1572,1572,Mark Hoban,Mark Hoban
1573,1573,John Reid,John Reid
1574,1574,Lindsay Roy,Lindsay Roy
1575,1575,Stephen Hammond,Stephen Hammond
1576,1576,Nick Griffin,Nick Griffin
1577,1577,Jamieson Ronald Reed,Jamieson Ronald Reed
1578,1578,Malcolm Wicks,Malcolm Wicks
1579,1579,Karen Lumley,Karen Lumley
1580,1580,Carwyn Jones Am,Carwyn Jones Am
1581,1581,Robert Halfon,Robert Halfon
1582,1582,Gordon Henderson,Gordon Henderson
1583,1583,Emma Reynolds,Emma Reynolds
1584,1584,Edwina Hart Am,Edwina Hart Am
1585,1585,Jane Kennedy,Jane Kennedy
1586,1586,Michael Gove,Michael Gove
1587,1587,Damian Green,Damian Green
1588,1588,Douglas Hogg,Douglas Hogg
1589,1589,Anne Mcguire,Anne Mcguire
1590,1590,David Miliband,David Miliband
1591,1591,Robert Neill,Robert Neill
1592,1592,Christine Russell,Christine Russell
1593,1593,Grant Shapps,Grant Shapps
1594,1594,William Cash,William Cash
1595,1595,Ian Liddell-Grainger,Ian Liddell-Grainger
1596,1596,Patrick Mcloughlin,Patrick Mcloughlin
1597,1597,Alun Michael,Alun Michael
1598,1598,John Pugh,John Pugh
1599,1599,Chloe Smith,Chloe Smith
1600,1600,Jeremy Corbyn,Jeremy Corbyn
1601,1601,Gillian Merron,Gillian Merron
1336,1602,Malcolm Rifkind,Malcolm Rifkind
1603,1603,Margot James,Margot James
1604,1604,Huw Lewis Am,Huw Lewis Am
1605,1605,David Heathcoat-Amory,David Heathcoat-Amory
1606,1606,Dr Andrew Murrison,Dr Andrew Murrison
1607,1607,William Hague,William Hague
1608,1608,Dr Alasdair Mcdonnell,Dr Alasdair Mcdonnell
1609,1609,David Borrow,David Borrow
1610,1610,Roger Gale,Roger Gale
1611,1611,Michael Jack,Michael Jack
1612,1612,Andrew Love,Andrew Love
1613,1613,Miss Christine Mccafferty,Miss Christine Mccafferty
1614,1614,Dr Desmond Turner,Dr Desmond Turner
1615,1615,Conservative Friends Of Poland,Conservative Friends Of Poland
1616,1616,Douglas Alexander,Douglas Alexander
1617,1617,Gerald Howarth,Gerald Howarth
1618,1618,Islington Labour Group,Islington Labour Group
1619,1619,United & Cecil Club,United & Cecil Club
1620,1620,Bernard Jenkin,Bernard Jenkin
1621,1621,Spring Lunch,Spring Lunch
1622,1622,Edward Miliband,Edward Miliband
1623,1623,Edward Balls,Edward Balls
1590,1624,David Miliband,David Miliband
1625,1625,Nigel Adams,Nigel Adams
1626,1626,Tom Blenkinsop,Tom Blenkinsop
1625,1627,Nigel Adams,Nigel Adams
1628,1628,Jason Mccartney,Jason Mccartney
1629,1629,Grahame Morris,Grahame Morris
1630,1630,Andrew Perry,Andrew Perry
1631,1631,Julian Sturdy,Julian Sturdy
1632,1632,John Hayes,John Hayes
1633,1633,Kenneth Livingstone,Kenneth Livingstone
1634,1634,Oona King,Oona King
1469,1635,Andy Burnham,Andy Burnham
1636,1636,Alex Cunningham,Alex Cunningham
1529,1637,Charlie Elphicke,Charlie Elphicke
1638,1638,Dr Matthew Offord,Dr Matthew Offord
1639,1639,Rory Stewart,Rory Stewart
1640,1640,Andrew Bridgen,Andrew Bridgen
1389,1641,Gordon Brown,Gordon Brown
1642,1642,Chris Kelly,Chris Kelly
1643,1643,Ian Lucas,Ian Lucas
1644,1644,Dominic Raab,Dominic Raab
1645,1645,Nick Boles,Nick Boles
1646,1646,Lgbtory,Lgbtory
1647,1647,Liberal Democrat Friends Of Israel,Liberal Democrat Friends Of Israel
1648,1648,Diane Abbott,Diane Abbott
1649,1649,Heidi Alexander,Heidi Alexander
1519,1650,Michael Ellis,Michael Ellis
1318,1651,Adam Holloway,Adam Holloway
1652,1652,Tristram Hunt,Tristram Hunt
1653,1653,Dr Julian Huppert,Dr Julian Huppert
1654,1654,John Leech,John Leech
1655,1655,Mark Menzies,Mark Menzies
1583,1656,Emma Reynolds,Emma Reynolds
1657,1657,Ian Swales,Ian Swales
1658,1658,James Wharton,James Wharton
1659,1659,Chris White,Chris White
1660,1660,Craig Whittaker,Craig Whittaker
1438,1661,Harriett Baldwin,Harriett Baldwin
1662,1662,Gordon Birtwistle,Gordon Birtwistle
1569,1663,Conor Burns,Conor Burns
1664,1664,Lorely Burt,Lorely Burt
1665,1665,Daniel Byles,Daniel Byles
1666,1666,Kris Hopkins,Kris Hopkins
1667,1667,Huw Irranca-Davies,Huw Irranca-Davies
1668,1668,Tessa Jowell,Tessa Jowell
1513,1669,Mary Macleod,Mary Macleod
1670,1670,Priti Patel,Priti Patel
1671,1671,Yasmin Qureshi,Yasmin Qureshi
1672,1672,Heather Wheeler,Heather Wheeler
1673,1673,Rushanara Ali,Rushanara Ali
1674,1674,Peter Bone,Peter Bone
1675,1675,Thomas Docherty,Thomas Docherty
1676,1676,Jonathan Edwards,Jonathan Edwards
1677,1677,Matthew Hancock,Matthew Hancock
1678,1678,Kate Hoey,Kate Hoey
1603,1679,Margot James,Margot James
1581,1680,Robert Halfon,Robert Halfon
1681,1681,Chris Heaton-Harris,Chris Heaton-Harris
1682,1682,Dr Phillip Lee,Dr Phillip Lee
1683,1683,Charlotte Leslie,Charlotte Leslie
1684,1684,Pamela Nash,Pamela Nash
1633,1685,Kenneth Livingstone,Kenneth Livingstone
1524,1686,Andrea Leadsom,Andrea Leadsom
1687,1687,Catherine Mckinnell,Catherine Mckinnell
1688,1688,Nadhim Zahawi,Nadhim Zahawi
1696,1696,Austin Mitchell,Austin Mitchell
1707,1707,Lisa Nandy,Lisa Nandy
1710,1710,No To Av Yes To Pr,No To Av Yes To Pr
1728,1728,Pauline Latham,Pauline Latham
1729,1729,Stephen Mcpartland,Stephen Mcpartland
1730,1730,Labour Women'S Network,Labour Women'S Network
1731,1731,Movement For Change,Movement For Change
1018,1739,Labour No To Av,Labour No To Av
1762,1762,Liverpool Labour Group,Liverpool Labour Group
1763,1763,Julian Smith,Julian Smith
1771,1771,David Campbell Bannerman,David Campbell Bannerman
1772,1772,Project Umubano,Project Umubano
1773,1773,Bob Ainsworth,Bob Ainsworth
1774,1774,Bill Esterson,Bill Esterson
1775,1775,Mike Freer,Mike Freer
1776,1776,Duncan Hames,Duncan Hames
1777,1777,Sheryll Murray,Sheryll Murray
1778,1778,Andrew Percy,Andrew Percy
1779,1779,Simon Reevell,Simon Reevell
1780,1780,Henry Smith,Henry Smith
1781,1781,Gerry Sutcliffe,Gerry Sutcliffe
1782,1782,Justin Tomlinson,Justin Tomlinson
1792,1792,Bob Blackman,Bob Blackman
1793,1793,Simon Danczuk,Simon Danczuk
1794,1794,Philip Davies,Philip Davies
1795,1795,Michael Dugher,Michael Dugher
1796,1796,John Healey,John Healey
1797,1797,Sajid Javid,Sajid Javid
1798,1798,Angus Macneil,Angus Macneil
1799,1799,Ed Miliband,Ed Miliband
1800,1800,Stephen Mosley,Stephen Mosley
1801,1801,Bridget Phillipson,Bridget Phillipson
1802,1802,Jim Murphy,Jim Murphy
1806,1806,Luciana Berger,Luciana Berger
1489,1807,Christopher Pincher,Christopher Pincher
1808,1808,Stephen Twigg,Stephen Twigg
1814,1814,Steve Baker,Steve Baker
1815,1815,Nadine Dorries,Nadine Dorries
1816,1816,Kwasi Kwarteng,Kwasi Kwarteng
1817,1817,Greg Mulholland,Greg Mulholland
1457,1818,Caroline Nokes,Caroline Nokes
1819,1819,Gareth R Thomas,Gareth R Thomas
1820,1820,Murdo Fraser,Murdo Fraser
1823,1823,Iain Duncan Smith,Iain Duncan Smith
1824,1824,Tim Farron,Tim Farron
1825,1825,Stephen Hepburn,Stephen Hepburn
1826,1826,Greg Knight,Greg Knight
1479,1827,Paul Maynard,Paul Maynard
1158,1828,Iain Stewart,Iain Stewart
1835,1835,Ruth Davidson,Ruth Davidson
1836,1836,John Denham,John Denham
1837,1837,Caroline Dinenage,Caroline Dinenage
1838,1838,Helen Grant,Helen Grant
1382,1839,Alan Johnson,Alan Johnson
1840,1840,Nicky Morgan,Nicky Morgan
1841,1841,Anne Marie Morris,Anne Marie Morris
1842,1842,Jesse Norman,Jesse Norman
1843,1843,Alok Sharma,Alok Sharma
1844,1844,Chuka Umunna,Chuka Umunna
1845,1845,Paul Uppal,Paul Uppal
1846,1846,Tom Watson,Tom Watson
1850,1850,Johann Lamont,Johann Lamont
1851,1851,Stuart Andrew,Stuart Andrew
1852,1852,Jim Dobbin,Jim Dobbin
1853,1853,Dr Gregg Mcclymont,Dr Gregg Mcclymont
1854,1854,Ian Murray,Ian Murray
1862,1862,Rehman Chishti,Rehman Chishti
1863,1863,Gemma Doyle,Gemma Doyle
1864,1864,Dr Caroline Lucas,Dr Caroline Lucas
1865,1865,Richard Ottaway,Richard Ottaway
1866,1866,David Rutley,David Rutley
1867,1867,Anas Sarwar,Anas Sarwar
1868,1868,Ken Macintosh,Ken Macintosh
1869,1869,Conservative Friends Of International Development,Conservative Friends Of International Development
1877,1877,Chris Skidmore,Chris Skidmore
1878,1878,Nick Smith,Nick Smith
1879,1879,David Tredinnick,David Tredinnick
1880,1880,Richard Graham,Richard Graham
1883,1883,Patrick Harvie,Patrick Harvie
1893,1893,Stephen Metcalfe,Stephen Metcalfe
1894,1894,George Hollingbery,George Hollingbery
1895,1895,Fabian Society,Fabian Society
1896,1896,Rhoda Grant,Rhoda Grant
1898,1898,Ben Bradshaw,Ben Bradshaw
1900,1900,Robert Flello,Robert Flello
1901,1901,Philip Hollobone,Philip Hollobone
1902,1902,Hanzala Malik,Hanzala Malik
1909,1909,Nick De Bois,Nick De Bois
1914,1914,Conservative Friends Of India,Conservative Friends Of India
1916,1916,Richard Baker,Richard Baker
1920,1920,Fulham Group,Fulham Group [De-Registered 04/11/15]
1921,1921,Nicola Blackwood,Nicola Blackwood
1922,1922,Richard Harrington,Richard Harrington
1923,1923,Meg Hillier,Meg Hillier
1924,1924,Chinyelu Onwurah,Chinyelu Onwurah
1925,1925,Yvette Cooper,Yvette Cooper
1926,1926,Caroline Flint,Caroline Flint
1927,1927,Rebecca Harris,Rebecca Harris
1928,1928,Amber Rudd,Amber Rudd
1929,1929,Andrew Stephenson,Andrew Stephenson
1930,1930,Clive Grunshaw,Clive Grunshaw
1935,1935,Dan Jarvis,Dan Jarvis
1936,1936,George Mudie,George Mudie
1937,1937,Claire Perry,Claire Perry
1938,1938,Bob Russell,Bob Russell
1939,1939,Shaun Woodward,Shaun Woodward
1941,1941,Aidan Burley,Aidan Burley
1942,1942,Nigel Mills,Nigel Mills
1943,1943,Laura Sandys,Laura Sandys
1944,1944,David Morris,David Morris
1959,1959,Gareth Johnson,Gareth Johnson
1962,1962,Democracy 2015,Democracy 2015 [De-Registered 01/11/14]
1972,1972,Don'T Cook Party,Don'T Cook Party [De-Registered 20/06/14]
2592,1980,Carlton Club,Carlton Club Political Dinner
1985,1985,David Burrowes,David Burrowes
1986,1986,Life,Life
1996,1996,Jessica Lee,Jessica Lee
1997,1997,Alun Cairns,Alun Cairns
1998,1998,Gloria De Piero,Gloria De Piero
1999,1999,Helen Goodman,Helen Goodman
2000,2000,George Galloway,George Galloway
2001,2001,John Howell,John Howell
2002,2002,Adrian Bailey,Adrian Bailey
2003,2003,Lucy Powell,Lucy Powell
2004,2004,Jonathan Reynolds,Jonathan Reynolds
2005,2005,Stephen Timms,Stephen Timms
2018,2018,Oliver Colvile,Oliver Colvile
2021,2021,Dr Stella Creasy,Dr Stella Creasy
2022,2022,Jack Lopresti,Jack Lopresti
2023,2023,Andy Mcdonald,Andy Mcdonald
2039,2039,Richard Bacon,Richard Bacon
1776,2040,Duncan Hames,Duncan Hames
2041,2041,Jeremy Lefroy,Jeremy Lefroy
2055,2055,Yorkshire Party,Yorkshire Party
2059,2059,Graham Jones,Graham Jones
2060,2060,Guy Opperman,Guy Opperman
2061,2061,John Lamont,John Lamont
2070,2070,Graham Evans,Graham Evans
2072,2072,Martin Vickers,Martin Vickers
2073,2073,Nic Dakin,Nic Dakin
2074,2074,Conservative Councillors' Association,Conservative Councillors' Association
2080,2080,Tom Greatrex,Tom Greatrex
2081,2081,Norman Lamb,Norman Lamb
2082,2082,John Biggs,John Biggs
2093,2093,Margaret Hodge,Margaret Hodge
2094,2094,Brandon Lewis,Brandon Lewis
2096,2096,Ben Wallace,Ben Wallace
2097,2097,Alexandra Mayer,Alexandra Mayer
2098,2098,Lucy Anderson,Lucy Anderson
2099,2099,Vicky Foxcroft,Vicky Foxcroft
2102,2102,Frank Field,Frank Field
2103,2103,Ben Gummer,Ben Gummer
2104,2104,Sadiq Khan,Sadiq Khan
2105,2105,Emma Lewell-Buck,Emma Lewell-Buck
2106,2106,Gavin Shuker,Gavin Shuker
2109,2109,Sanchia Alasia,Sanchia Alasia
2110,2110,Sebastian Dance,Sebastian Dance
2111,2111,Judith Kirton-Darling,Judith Kirton-Darling
2112,2112,Jayne Shotton,Jayne Shotton
2114,2114,Catherine West,Catherine West
2128,2128,Mick Antoniw,Mick Antoniw
2129,2129,Ivana Bartoletti,Ivana Bartoletti
2130,2130,Conservative Friends Of Pakistan,Conservative Friends Of Pakistan
2131,2131,Margaret Hughes,Margaret Hughes
2132,2132,Kamaljeet Jandu,Kamaljeet Jandu
2133,2133,Nancy Platts,Nancy Platts
2134,2134,Angela Rayner,Angela Rayner
2135,2135,Stevenage First,Stevenage First
2136,2136,Independent Labour Group,Independent Labour Group
2137,2137,All People'S Party,All People'S Party
2145,2145,Dr Thérèse Coffey,Dr Thérèse Coffey
2146,2146,Paul Brannen,Paul Brannen
2147,2147,Lutfur Rahman,Lutfur Rahman
1473,2148,Siôn Simon,Siôn Simon
2149,2149,Policy Network And Communications Ltd,Policy Network And Communications Ltd
2150,2150,James Watkins,James Watkins
2151,2151,Clare Moody,Clare Moody
2155,2155,Tower Hamlets First,Tower Hamlets First
2157,2157,Michelle Donelan,Michelle Donelan
2158,2158,Linda Woodings,Linda Woodings
744,2164,No2Eu:Yes To Democracy,No2Eu
2173,2173,Jake Berry,Jake Berry
2174,2174,Ronnie Campbell,Ronnie Campbell
2175,2175,Mike Crockart,Mike Crockart
2188,2188,Jim Eadie,Jim Eadie
2189,2189,Margaret Mitchell,Margaret Mitchell
2190,2190,Society Of Conservative Lawyers,Society Of Conservative Lawyers
2192,2192,Anne-Marie Trevelyan,Anne-Marie Trevelyan
2209,2209,Yes Scotland Limited,Yes Scotland Limited
2217,2217,Ian Austin,Ian Austin
2218,2218,Jackie Doyle-Price,Jackie Doyle-Price
2220,2220,Lucy Allan,Lucy Allan
2221,2221,Mohammad Asghar,Mohammad Asghar
2222,2222,Steve Bell,Steve Bell
2223,2223,James Heappy,James Heappy
2224,2224,Royston Smith,Royston Smith
2225,2225,David Warburton,David Warburton
2249,2249,Vernon Coaker,Vernon Coaker
2250,2250,Stephen Dorrell,Stephen Dorrell
2251,2251,Michael Mccann,Michael Mccann
2252,2252,Adrian Sanders,Adrian Sanders
2254,2254,Mike Weatherley,Mike Weatherley
2256,2256,Matthew Pennycook,Matthew Pennycook
2257,2257,Anthony Cox,Anthony Cox
2258,2258,Christopher Green,Christopher Green
2259,2259,Rowenna Davis,Rowenna Davis
2296,2296,Helen Hayes,Helen Hayes
2298,2298,George Ferguson,George Ferguson
2304,2304,No Borders Campaign,No Borders Campaign
2307,2307,Campaign For British Influence In Europe Limited,Campaign For British Influence In Europe Limited
2321,2321,Kevin Barron,Kevin Barron
2322,2322,Alistair Burt,Alistair Burt
2323,2323,James Clappison,James Clappison
2326,2326,Rebecca Pow,Rebecca Pow
2329,2329,Better Together 2012 Ltd,Better Together 2012 Ltd
2354,2354,Business For Scotland Ltd,Business For Scotland Ltd
2360,2360,John Woodcock,John Woodcock
2361,2361,Guto Bebb,Guto Bebb
2362,2362,Alistair Darling,Alistair Darling
2363,2363,Sarah Newtonn,Sarah Newtonn
2364,2364,Anna Soubry,Anna Soubry
2365,2365,William Goodhand,William Goodhand
2383,2383,Christians For Independence,Christians For Independence
2392,2392,Angus Macdonald,Angus Macdonald
2402,2402,Neil Parish,Neil Parish
2403,2403,Redbridge Labour Group,Redbridge Labour Group
2416,2416,Wfs2014 Ltd,Wfs2014 Ltd
2420,2420,Scottish Research Society,Scottish Research Society
2423,2423,Stephen Mccabe,Stephen Mccabe
2427,2427,Cumbria Broadband Rural And Community Projects Limited,Cumbria Broadband Rural And Community Projects Limited
2429,2429,Let'S Stay Together,Let'S Stay Together
2431,2431,Better With Scotland,Better With Scotland
2435,2435,Political Animal Lobby Ltd,Political Animal Lobby Ltd
2450,2450,James Heappey,James Heappey
2451,2451,Rhun Ap Iorwerth,Rhun Ap Iorwerth
2452,2452,Alun Craig Williams,Alun Craig Williams
2453,2453,Afzal Amin,Afzal Amin
2455,2455,Tracey Crouch,Tracey Crouch
2456,2456,John Glen,John Glen
2459,2459,Tessa Munt,Tessa Munt
2460,2460,Albert Owen,Albert Owen
2471,2471,Martin Horwood,Martin Horwood
2489,2489,Campaign For Nuclear Disarmament,Campaign For Nuclear Disarmament
2521,2521,Seema Louise Ghiassi Kennedy,Seema Louise Ghiassi Kennedy
2522,2522,Ian Lavery,Ian Lavery
2523,2523,Deep Blue,Deep Blue
922,2547,Hope Not Hate Ltd,Hope Not Hate Ltd
1418,2549,Conservative Muslim Forum,Conservative Muslim Forum
2552,2552,Cannabis Is Safer Than Alcohol,Cannabis Is Safer Than Alcohol
2555,2555,Sarah Champion,Sarah Champion
2559,2559,Kezia Dugdale,Kezia Dugdale
2570,2570,Centre For Labour & Social Studies (Class),Centre For Labour & Social Studies (Class)
2578,2578,Fabian Society,Fabian Society
2585,2585,Angela Eagle,Angela Eagle
2586,2586,Daniel Poulter,Daniel Poulter
2587,2587,Tom Brake,Tom Brake
2588,2588,George Eustice,George Eustice
2590,2590,Shabana Mahmood,Shabana Mahmood
2591,2591,Mark Reckless,Mark Reckless
2592,2592,Carlton Club,Carlton Club
2593,2593,Raymond Finch,Raymond Finch
2594,2594,Neil Findlay,Neil Findlay
2598,2598,Johnny Mercer,Johnny Mercer
2599,2599,Britain Yearly Meeting Of Religious Society Of Friends (Quakers),Britain Yearly Meeting Of Religious Society Of Friends (Quakers)
2623,2623,Cruelty Free International,Cruelty Free International
2652,2652,Radical Party,Radical Party
2489,2657,Campaign For Nuclear Disarmament,Scottish Campaign For Nuclear Disarmament
2679,2679,Simon Marcus,Simon Marcus
2736,2736,British Institute Of Human Rights,British Institute Of Human Rights
2739,2739,Karen Bradley,Karen Bradley
2740,2740,John Stevenson,John Stevenson
2745,2745,Network For Animals Ltd,Network For Animals Ltd
2747,2747,Mark Bradshaw,Mark Bradshaw
2755,2755,Women'S Equality Party,Women'S Equality Party
2786,2786,Labour People Ltd,Labour People Ltd
1795,2796,Michael Dugher,Michael Dugher
2797,2797,Stephen Greenhalgh,Stephen Greenhalgh
2799,2799,No Balls Ball,No Balls Ball
2809,2809,David Stewart,David Stewart
2810,2810,Nusrat Ghani,Nusrat Ghani
2814,2814,Melanie Onn,Melanie Onn
2815,2815,David Mackintosh,David Mackintosh
2816,2816,Tulip Siddiq,Tulip Siddiq
2817,2817,Derek Thomas,Derek Thomas
2818,2818,Tom Tugendhat,Tom Tugendhat
2819,2819,Craig Williams,Craig Williams
2821,2821,Dr Tania Mathias,Dr Tania Mathias
2828,2828,Gordon Matheson,Gordon Matheson
2829,2829,Liz Kendall,Liz Kendall
2831,2831,Kevin Foster,Kevin Foster
2839,2839,Justine Greening,Justine Greening
2842,2842,Clive Lewis,Clive Lewis
2843,2843,Holly Lynch,Holly Lynch
2844,2844,Eric Pickles,Eric Pickles
2845,2845,Mary Robinson,Mary Robinson
2846,2846,Alex Rowley,Alex Rowley
2855,2855,Gareth Thomas,Gareth Thomas
2856,2856,Paul Scully,Paul Scully
2857,2857,Will Quince,Will Quince
2858,2858,Kate Osamor,Kate Osamor
2859,2859,Alan Mak,Alan Mak
2860,2860,Andrea Jenkyns,Andrea Jenkyns
2861,2861,Suella Fernandes,Suella Fernandes
2862,2862,Byron Davies,Byron Davies
2863,2863,James Cleverly,James Cleverly
2864,2864,Dr Lisa Cameron,Dr Lisa Cameron
2865,2865,Hannah Bardell,Hannah Bardell
2866,2866,Caroline Ansell,Caroline Ansell
2867,2867,Tasmina Ahmed-Sheikh,Tasmina Ahmed-Sheikh
2868,2868,John Bell,John Bell
2869,2869,Zac Goldsmith,Zac Goldsmith
2885,2885,Robert Jenrick,Robert Jenrick
2887,2887,Anne Main,Anne Main
2889,2889,Mark Pawsey,Mark Pawsey
2890,2890,Tom Pursglove,Tom Pursglove
2891,2891,Jamie Reed,Jamie Reed
2892,2892,Daniel Zeichner,Daniel Zeichner
3902,3902,Ashfield Independents,Ashfield Independents
3908,3908,Helen Whately,Helen Whately
3909,3909,Natalie Mcgarry,Natalie Mcgarry
3910,3910,Alison Mcgovern,Alison Mcgovern
3911,3911,Mark Garnier,Mark Garnier
3912,3912,Labour Together,Labour Together
3930,3930,Gary Godden,Gary Godden
3931,3931,Peter Kyle,Peter Kyle
3932,3932,Jo Stevens,Jo Stevens
3933,3933,Karl Turner,Karl Turner
3942,3942,In Campaign Ltd,In Campaign Ltd
3945,3945,Vote Leave Limited,Vote Leave Limited
3950,3950,Conservatives In Ltd,Conservatives In Ltd
3953,3953,Grassroots Out Ltd,Grassroots Out Ltd
106,3960,British National Party,British National Party
3963,3963,Mhairi Black,Mhairi Black
3964,3964,Jess Phillips,Jess Phillips
3965,3965,Conservative Friends Of Chinese,Conservative Friends Of Chinese
3966,3966,Mark Macmillan,Mark Macmillan
3974,3974,Leave.Eu Group Ltd,Leave.Eu Group Ltd
3979,3979,Global Britain Limited,Global Britain Limited
3989,3989,Wagtv Limited,Wagtv Limited
3999,3999,Another Europe Is Possible,Another Europe Is Possible
4001,4001,Go Movement Ltd,Go Movement Ltd
916,4003,Campaign For An Independent Britain Limited,Campaign For An Independent Britain Limited
4010,4010,Northumberland Dining Club,Northumberland Dining Club
4011,4011,James Morris,James Morris
4012,4012,Bob Stewart,Bob Stewart
4013,4013,Chris Evans,Chris Evans
4014,4014,David Jones,David Jones
4015,4015,Chris Leslie,Chris Leslie
4016,4016,Karl Mccartney,Karl Mccartney
4018,4018,Stephen Phillips,Stephen Phillips
4019,4019,Naz Shah,Naz Shah
4022,4022,European Movement Of Uk Ltd,European Movement Of Uk Ltd
4027,4027,Trade Unionists Against European Union,Trade Unionists Against European Union
4031,4031,Darren Grimes,Darren Grimes
4045,4045,Imaginexit Limited,Imaginexit Limited
4046,4046,Friends Of Earth Trust,Friends Of Earth Trust
4050,4050,London First,London First
4065,4065,Scientists For Eu Limited,Scientists For Eu Limited
4079,4079,Bruges Group,Bruges Group
4092,4092,Edward Argar,Edward Argar
4093,4093,Jonathan Ashworth,Jonathan Ashworth
4094,4094,Chris Davies,Chris Davies
4095,4095,Simon Hart,Simon Hart
4096,4096,Craig Mackinlay,Craig Mackinlay
4097,4097,Amanda Milling,Amanda Milling
4098,4098,David Nuttall,David Nuttall
4099,4099,Paula Sherriff,Paula Sherriff
4100,4100,Craig Tracey,Craig Tracey
4101,4101,Martyn Underhill,Martyn Underhill
4102,4102,Peter Dowd,Peter Dowd
4103,4103,Oliver Dowden,Oliver Dowden
4104,4104,Lucy Frazer,Lucy Frazer
4105,4105,Kate Green,Kate Green
4106,4106,Julian Knight,Julian Knight
4107,4107,Christian Matheson,Christian Matheson
4108,4108,Callum Mccaig,Callum Mccaig
4109,4109,Jeff Smith,Jeff Smith
2224,4110,Royston Smith,Royston Smith
4114,4114,Veterans For Britain,Veterans For Britain
4120,4120,Michelle Ovens Ltd,Michelle Ovens Ltd
4130,4130,Democracy Movement,Democracy Movement
4135,4135,Social Market Foundation,Social Market Foundation
4139,4139,We Are Europe,We Are Europe
4142,4142,Wolfgang Tillmans,Wolfgang Tillmans
4144,4144,Labour Leave Limited,Labour Leave Limited
4154,4154,Paul Dennett,Paul Dennett
4155,4155,Paul Bell,Paul Bell
4156,4156,Jeremy Peter Middleton,Jeremy Peter Middleton
4157,4157,Flick Drummond,Flick Drummond
4158,4158,Stephen Kinnock,Stephen Kinnock
4160,4160,Mark Spencer,Mark Spencer
4164,4164,Green-Leaves,Green-Leaves
4171,4171,Wake Up And Vote,Wake Up And Vote
4173,4173,Ddb Uk Limited,Ddb Uk Limited
4174,4174,Best For Our Future Ltd,Best For Our Future Ltd
4177,4177,Edward Izzard,Edward Izzard
4184,4184,Economists For Brexit,Economists For Brexit
4185,4185,MusliFor Gb Limited,MusliFor Gb Limited
4188,4188,Brexit Express,Brexit Express
4189,4189,Virgin Management Limited,Virgin Management Limited
4200,4200,Proud Robinson Ltd,Proud Robinson Ltd
4202,4202,Paul Monaghan,Paul Monaghan
4203,4203,Rebecca Bailey,Rebecca Bailey
4212,4212,Economists For Remain,Economists For Remain
4236,4236,Pat Mcfadden,Pat Mcfadden
4237,4237,Conor Mcginn,Conor Mcginn
4238,4238,Maria Caulfield,Maria Caulfield
4239,4239,James Davies,James Davies
4240,4240,Stuart Blair Donaldson,Stuart Blair Donaldson
4241,4241,Yvonne Fovargue,Yvonne Fovargue
4242,4242,Ranil Jayawardena,Ranil Jayawardena
4243,4243,Steve Rotheram,Steve Rotheram
4244,4244,Angela Smith,Angela Smith
4247,4247,Labour Tomorrow Ltd,Labour Tomorrow Ltd
5253,5253,Momentum,Momentum
5254,5254,Steve Double,Steve Double
5255,5255,Steve Bedser,Steve Bedser
5263,5263,Rupa Huq,Rupa Huq
5264,5264,Mike Wood,Mike Wood
5265,5265,William Wragg,William Wragg
5266,5266,Jamie Greene,Jamie Greene
5267,5267,Maurice Golden,Maurice Golden
5268,5268,Douglas Ross,Douglas Ross
5269,5269,Ross Thomson,Ross Thomson
5270,5270,Jenny Gilruth,Jenny Gilruth
5271,5271,Annie Wells,Annie Wells
5277,5277,Conservative Voice Limited,Conservative Voice Limited
5279,5279,Saving Labour,Saving Labour
5280,5280,Martyn Day,Martyn Day
5281,5281,Nigel Huddleston,Nigel Huddleston
5282,5282,Chris Law,Chris Law
5283,5283,Owen Smith,Owen Smith
5284,5284,Andrew Turner,Andrew Turner
5285,5285,Rachael Hamilton,Rachael Hamilton
5286,5286,Oliver Mundell,Oliver Mundell
6304,6304,Alec Shelbrooke,Alec Shelbrooke
6305,6305,Glyn Davies,Glyn Davies
6306,6306,Ian Mearns,Ian Mearns
6308,6308,Michael Tomlinson,Michael Tomlinson
6309,6309,Scott Mann,Scott Mann
6310,6310,Stephen Gethins,Stephen Gethins
6311,6311,Alexander Stewart,Alexander Stewart
6312,6312,Clare Haughey,Clare Haughey
6326,6326,Steven Paterson,Steven Paterson
6327,6327,Michelle Thomson,Michelle Thomson
6328,6328,Dame Rosie Winterton,Dame Rosie Winterton
6329,6329,Chris Stephens,Chris Stephens
6340,6340,Tracy Brabin,Tracy Brabin
6341,6341,Ben Howlett,Ben Howlett
6345,6345,Keir Starmer,Keir Starmer
6346,6346,Wes Streeting,Wes Streeting
922,6348,Hope Not Hate Ltd,Hope Not Hate Ltd
6375,6375,Louise Haigh,Louise Haigh
6376,6376,Liz Mcinnes,Liz Mcinnes
6377,6377,Richard Fuller,Richard Fuller
6378,6378,Ruth Smeeth,Ruth Smeeth
6397,6397,Alan Brown,Alan Brown
6398,6398,Gavin Newlands,Gavin Newlands
6399,6399,Jack Dromey,Jack Dromey
6400,6400,Kate Hollern,Kate Hollern
6417,6417,Sean Anstee,Sean Anstee
6422,6422,Sion Simon,Sion Simon
6423,6423,Andrew Bingham,Andrew Bingham
6424,6424,Jo Churchill,Jo Churchill
6425,6425,Steve Reed,Steve Reed
6427,6427,Karin Smyth,Karin Smyth
6440,6440,Uk-Eu Open Policy Limited (Campaign Name: Best For Britain),Uk-Eu Open Policy Limited (Campaign Name: Best For Britain)
5253,6452,Momentum,Momentum
6462,6462,Open Britain Ltd,Open Britain Ltd
6464,6464,World Transformed,World Transformed
6467,6467,Referendum Facts Ltd (Campaign Name: Infacts),Referendum Facts Ltd (Campaign Name: Infacts)
6468,6468,People's Assembly Against Austerity,People's Assembly Against Austerity
6470,6470,Represent Us Limited,Represent Us Limited
6484,6484,Henry Porter,Henry Porter
6485,6485,Labour Campaign For Human Rights,Labour Campaign For Human Rights
6487,6487,Simon Day,Simon Day
6489,6489,Marie Rimmer,Marie Rimmer
6490,6490,John Penrose,John Penrose
939,6494,League Against Cruel Sports (Uk) Limited,League Against Cruel Sports (Uk) Limited
2599,6501,Britain Yearly Meeting Of Religious Society Of Friends (Quakers),Britain Yearly Meeting Of Religious Society Of Friends (Quakers)
6502,6502,Compass,Compass
6537,6537,Abisola Ifasawo,Abisola Ifasawo
6538,6538,Andrew Milligan,Andrew Milligan
6539,6539,Gareth Wallace,Gareth Wallace
6540,6540,Beth Prescott,Beth Prescott
6541,6541,Labour Tribunes Group,Labour Tribunes Group
6542,6542,European Research Group (Erg),European Research Group (Erg)
6543,6543,Bleddyn William Vaughan Rees,Bleddyn William Vaughan Rees
6545,6545,Sheena Tranter,Sheena Tranter
6546,6546,Robert Brian Hamill,Robert Brian Hamill
6550,6550,Deidre Brock,Deidre Brock
6551,6551,Lilian Greenwood,Lilian Greenwood
6552,6552,Simon Hoare,Simon Hoare
6553,6553,Imran Hussain,Imran Hussain
6554,6554,Seema Kennedy,Seema Kennedy
6555,6555,Brendan O'Hara,Brendan O'Hara
6556,6556,Antoinette Sandbach,Antoinette Sandbach
6557,6557,Mark Williams,Mark Williams
6590,6590,Joseph Johnson,Joseph Johnson
5269,6591,Ross Thomson,Ross Thomson
6592,6592,Rosena Allin-Khan,Rosena Allin-Khan
6593,6593,Dan Carden,Dan Carden
6595,6595,Renew,Renew
6603,6603,Hatch Connect Uk Ltd,Hatch Connect Uk Ltd
6620,6620,Mary Glindon,Mary Glindon
6621,6621,Angela Burns,Angela Burns
6622,6622,Darren Millar,Darren Millar
6623,6623,Mark Isherwood,Mark Isherwood
6624,6624,Russell George,Russell George
6626,6626,Richard Minshull,Richard Minshull
6627,6627,Mohammad Yasin,Mohammad Yasin
6628,6628,Suzy Davies,Suzy Davies
6630,6630,Damien Egan,Damien Egan
6633,6633,Lloyd Russell-Moyle,Lloyd Russell-Moyle
6644,6644,Tomos Davies,Tomos Davies
6645,6645,Alex Burghart,Alex Burghart
6646,6646,Leo Docherty,Leo Docherty
6647,6647,Damien Moore,Damien Moore
6648,6648,Chris Thorne,Chris Thorne
6668,6668,Simon Clarke,Simon Clarke
6669,6669,Claire Clay,Claire Clay
6670,6670,Labour Network In England Ltd,Labour Network In England Ltd
6674,6674,Daniel Johnson,Daniel Johnson
6675,6675,Jeremy Balfour,Jeremy Balfour
6691,6691,Preet Kaur Gill,Preet Kaur Gill
6692,6692,David Linden,David Linden
6694,6694,Philippa Whitford,Philippa Whitford
6695,6695,Anna Mcmorrin,Anna Mcmorrin
6696,6696,Gavin Williamson,Gavin Williamson
6697,6697,Richard Leonard,Richard Leonard
6713,6713,Aspire,Aspire
6719,6719,Veterans And People's Party,Veterans And People's Party
6737,6737,Valerie Wise,Valerie Wise
6739,6739,Duma Polska = Polish Pride,Duma Polska = Polish Pride
6756,6756,Jonathan Lord,Jonathan Lord
6776,6776,Neil Bibby,Neil Bibby
6777,6777,Andrew Bowie,Andrew Bowie
6778,6778,Richard Burgon,Richard Burgon
6779,6779,Gill Furniss,Gill Furniss
6780,6780,Hugh Gaffney,Hugh Gaffney
6781,6781,Khalid Mahmood,Khalid Mahmood
6782,6782,Paul Masterton,Paul Masterton
6783,6783,Faisal Rashid,Faisal Rashid
6784,6784,Thelma Walker,Thelma Walker
6785,6785,Miss Kate Forbes,Miss Kate Forbes
6799,6799,Iain Carter,Iain Carter
6800,6800,Alan Waltham,Alan Waltham
6801,6801,Franklin Roe,Franklin Roe
6811,6811,Bob Seely,Bob Seely
6812,6812,Christine Jardine,Christine Jardine
6813,6813,Judith Cummins,Judith Cummins
6814,6814,Liz Saville Roberts,Liz Saville Roberts
6815,6815,Paul Williams,Paul Williams
6822,6822,Stephen Morgan,Stephen Morgan
6842,6842,Janet Daby,Janet Daby
6843,6843,Dean Lockhart,Dean Lockhart
6846,6846,Ben Houchen,Ben Houchen
6853,6853,Darren Jones,Darren Jones
6854,6854,Stephen Kerr,Stephen Kerr
6859,6859,Jackson Carlaw,Jackson Carlaw
6862,6862,Bill Bowman,Bill Bowman
6863,6863,Maurice Corry,Maurice Corry
6864,6864,Michelle Ballantyne,Michelle Ballantyne
6865,6865,Tom Arthur,Tom Arthur
6870,6870,Richard Lyle,Richard Lyle
6871,6871,Mary Fee,Mary Fee
6890,6890,Joy Morrissey,Joy Morrissey
6893,6893,Gillian Keegan,Gillian Keegan
6894,6894,Suella Braverman,Suella Braverman
6896,6896,Stephen Lloyd,Stephen Lloyd
6897,6897,Layla Moran,Layla Moran
6898,6898,Shaun Bailey,Shaun Bailey
6899,6899,Vaughan Gething,Vaughan Gething
2592,6901,Carlton Club,Carlton Club Political Committee
6914,6914,Patrick Grady,Patrick Grady
7916,7916,Remain Labour Ltd,Remain Labour Ltd
7917,7917,Ben Bradley,Ben Bradley
7931,7931,Brexit Party,Brexit Party
7933,7933,Mark Drakeford,Mark Drakeford
7934,7934,Andrew Lewin,Andrew Lewin
7935,7935,Steve Brine,Steve Brine
7936,7936,Marcus Fysh,Marcus Fysh
7940,7940,Carolyn Harris,Carolyn Harris
7941,7941,Neil Coyle,Neil Coyle
7942,7942,Tanmanjeet Singh Dhesi,Tanmanjeet Singh Dhesi
7943,7943,Trudy Harrison,Trudy Harrison
7944,7944,Sue Hayman,Sue Hayman
7945,7945,Wera Hobhouse,Wera Hobhouse
7969,7969,John Baron,John Baron
8015,8015,Andy Street,Andy Street
8019,8019,Rosie Duffield,Rosie Duffield
8020,8020,Seema Malhotra,Seema Malhotra
8021,8021,Labour For A Public-Vote,Labour For A Public-Vote
8025,8025,Eddie Hughes,Eddie Hughes
9050,9050,Brexit Express (Be),Brexit Express (Be)
9054,9054,Stephen Doughty,Stephen Doughty
9055,9055,Afzal Khan,Afzal Khan
2392,9056,Angus Macdonald,Angus Macdonald
9077,9077,Independent Group For Change,Independent Group For Change
9108,9108,Elizabeth Truss,Elizabeth Truss
9109,9109,Mandy Jones Am,Mandy Jones Am
9110,9110,Jenny Rathbone,Jenny Rathbone
9111,9111,Llyr Gruffydd Am,Llyr Gruffydd Am
9112,9112,Alun Davies,Alun Davies
9118,9118,Right To Vote,Right To Vote
9144,9144,Bim Afolami,Bim Afolami
9150,9150,Alex Sobel,Alex Sobel
6308,9153,Michael Tomlinson,Michael Tomlinson
9183,9183,Bambos Charalambous,Bambos Charalambous
9186,9186,London And Northern Dining Club,London And Northern Dining Club
9201,9201,Blue Collar Conservatism Ltd,Blue Collar Conservatism Ltd
9203,9203,Esther Mcvey,Esther Mcvey
9204,9204,Sam Gyimah,Sam Gyimah
9205,9205,Heidi Allen,Heidi Allen
9206,9206,Elizabeth Savage,Elizabeth Savage
9216,9216,Kieran Mullan,Kieran Mullan
9221,9221,Toby Perkins,Toby Perkins
9222,9222,Jack Rankin,Jack Rankin
9223,9223,Mario Creatura,Mario Creatura
10227,10227,Matthew Barber,Matthew Barber
10228,10228,Tom Hunt,Tom Hunt
10229,10229,Miriam Cates,Miriam Cates
10230,10230,Peter Gibson,Peter Gibson
10231,10231,Laura Evans,Laura Evans
10233,10233,Matthew Vickers,Matthew Vickers
10234,10234,Scott Benton,Scott Benton
10235,10235,Siobhan Baillie,Siobhan Baillie
10262,10262,Resham Kotecha,Resham Kotecha
10263,10263,Jonathan Gullis,Jonathan Gullis
10264,10264,Robert Largan,Robert Largan
10265,10265,Jane Dodds,Jane Dodds
10266,10266,Phil Wilson,Phil Wilson
10267,10267,Scottish Unionist Association Trust,Scottish Unionist Association Trust
